,video_name,tag
0,/content/drive/MyDrive/violence dataset/SCVD/videos/train/Normal/nv110.mp4,Normal
1,/content/drive/MyDrive/violence dataset/SCVD/videos/train/Normal/nv48.mp4,Normal
2,/content/drive/MyDrive/violence dataset/SCVD/videos/train/Normal/nv78.mov,Normal
3,/content/drive/MyDrive/violence dataset/SCVD/videos/train/Normal/nv186.MOV,Normal
4,/content/drive/MyDrive/violence dataset/SCVD/videos/train/Normal/nv104.mov,Normal
5,/content/drive/MyDrive/violence dataset/SCVD/videos/train/Normal/nv29.mov,Normal
6,/content/drive/MyDrive/violence dataset/SCVD/videos/train/Normal/nv49.mp4,Normal
7,/content/drive/MyDrive/violence dataset/SCVD/videos/train/Normal/nv102.mov,Normal
8,/content/drive/MyDrive/violence dataset/SCVD/videos/train/Normal/nv235.MOV,Normal
9,/content/drive/MyDrive/violence dataset/SCVD/videos/train/Normal/nv121.mov,Normal
10,/content/drive/MyDrive/violence dataset/SCVD/videos/train/Normal/nv242.MOV,Normal
11,/content/drive/MyDrive/violence dataset/SCVD/videos/train/Normal/nv56.mp4,Normal
12,/content/drive/MyDrive/violence dataset/SCVD/videos/train/Normal/nv77.mov,Normal
13,/content/drive/MyDrive/violence dataset/SCVD/videos/train/Normal/nv205.MOV,Normal
14,/content/drive/MyDrive/violence dataset/SCVD/videos/train/Normal/nv99.mov,Normal
15,/content/drive/MyDrive/violence dataset/SCVD/videos/train/Normal/nv196.MOV,Normal
16,/content/drive/MyDrive/violence dataset/SCVD/videos/train/Normal/nv166.MOV,Normal
17,/content/drive/MyDrive/violence dataset/SCVD/videos/train/Normal/nv183.MOV,Normal
18,/content/drive/MyDrive/violence dataset/SCVD/videos/train/Normal/nv114.mov,Normal
19,/content/drive/MyDrive/violence dataset/SCVD/videos/train/Normal/nv155.MOV,Normal
20,/content/drive/MyDrive/violence dataset/SCVD/videos/train/Normal/nv230.MOV,Normal
21,/content/drive/MyDrive/violence dataset/SCVD/videos/train/Normal/nv195.MOV,Normal
22,/content/drive/MyDrive/violence dataset/SCVD/videos/train/Normal/nv128.mov,Normal
23,/content/drive/MyDrive/violence dataset/SCVD/videos/train/Normal/nv236.MOV,Normal
24,/content/drive/MyDrive/violence dataset/SCVD/videos/train/Normal/nv180.MOV,Normal
25,/content/drive/MyDrive/violence dataset/SCVD/videos/train/Normal/nv14.mp4,Normal
26,/content/drive/MyDrive/violence dataset/SCVD/videos/train/Normal/nv239.MOV,Normal
27,/content/drive/MyDrive/violence dataset/SCVD/videos/train/Normal/nv227.MOV,Normal
28,/content/drive/MyDrive/violence dataset/SCVD/videos/train/Normal/nv152.MOV,Normal
29,/content/drive/MyDrive/violence dataset/SCVD/videos/train/Normal/nv181.MOV,Normal
30,/content/drive/MyDrive/violence dataset/SCVD/videos/train/Normal/nv210.MOV,Normal
31,/content/drive/MyDrive/violence dataset/SCVD/videos/train/Normal/nv89.mp4,Normal
32,/content/drive/MyDrive/violence dataset/SCVD/videos/train/Normal/nv34.mp4,Normal
33,/content/drive/MyDrive/violence dataset/SCVD/videos/train/Normal/nv112.mp4,Normal
34,/content/drive/MyDrive/violence dataset/SCVD/videos/train/Normal/nv201.MOV,Normal
35,/content/drive/MyDrive/violence dataset/SCVD/videos/train/Normal/nv229.MOV,Normal
36,/content/drive/MyDrive/violence dataset/SCVD/videos/train/Normal/nv231.MOV,Normal
37,/content/drive/MyDrive/violence dataset/SCVD/videos/train/Normal/nv93.mp4,Normal
38,/content/drive/MyDrive/violence dataset/SCVD/videos/train/Normal/nv213.MOV,Normal
39,/content/drive/MyDrive/violence dataset/SCVD/videos/train/Normal/nv66.mp4,Normal
40,/content/drive/MyDrive/violence dataset/SCVD/videos/train/Normal/nv202.MOV,Normal
41,/content/drive/MyDrive/violence dataset/SCVD/videos/train/Normal/nv47.mp4,Normal
42,/content/drive/MyDrive/violence dataset/SCVD/videos/train/Normal/nv16.mp4,Normal
43,/content/drive/MyDrive/violence dataset/SCVD/videos/train/Normal/nv132.mp4,Normal
44,/content/drive/MyDrive/violence dataset/SCVD/videos/train/Normal/nv92.mp4,Normal
45,/content/drive/MyDrive/violence dataset/SCVD/videos/train/Normal/nv111.mp4,Normal
46,/content/drive/MyDrive/violence dataset/SCVD/videos/train/Normal/nv119.mov,Normal
47,/content/drive/MyDrive/violence dataset/SCVD/videos/train/Normal/nv120.mov,Normal
48,/content/drive/MyDrive/violence dataset/SCVD/videos/train/Normal/nv118.mov,Normal
49,/content/drive/MyDrive/violence dataset/SCVD/videos/train/Normal/nv108.mp4,Normal
50,/content/drive/MyDrive/violence dataset/SCVD/videos/train/Normal/nv11.mp4,Normal
51,/content/drive/MyDrive/violence dataset/SCVD/videos/train/Normal/nv103.mov,Normal
52,/content/drive/MyDrive/violence dataset/SCVD/videos/train/Normal/nv106.mov,Normal
53,/content/drive/MyDrive/violence dataset/SCVD/videos/train/Normal/nv107.mov,Normal
54,/content/drive/MyDrive/violence dataset/SCVD/videos/train/Normal/nv101.mov,Normal
55,/content/drive/MyDrive/violence dataset/SCVD/videos/train/Normal/nv100.mov,Normal
56,/content/drive/MyDrive/violence dataset/SCVD/videos/train/Normal/nv113.mov,Normal
57,/content/drive/MyDrive/violence dataset/SCVD/videos/train/Normal/nv115.mov,Normal
58,/content/drive/MyDrive/violence dataset/SCVD/videos/train/Normal/nv10.mp4,Normal
59,/content/drive/MyDrive/violence dataset/SCVD/videos/train/Normal/nv122.mov,Normal
60,/content/drive/MyDrive/violence dataset/SCVD/videos/train/Normal/nv117.mov,Normal
61,/content/drive/MyDrive/violence dataset/SCVD/videos/train/Normal/nv12.mp4,Normal
62,/content/drive/MyDrive/violence dataset/SCVD/videos/train/Normal/nv109.mp4,Normal
63,/content/drive/MyDrive/violence dataset/SCVD/videos/train/Normal/nv105.mov,Normal
64,/content/drive/MyDrive/violence dataset/SCVD/videos/train/Normal/nv1.mov,Normal
65,/content/drive/MyDrive/violence dataset/SCVD/videos/train/Normal/nv116.mov,Normal
66,/content/drive/MyDrive/violence dataset/SCVD/videos/train/Normal/nv124.mov,Normal
67,/content/drive/MyDrive/violence dataset/SCVD/videos/train/Normal/nv136.mov,Normal
68,/content/drive/MyDrive/violence dataset/SCVD/videos/train/Normal/nv129.mov,Normal
69,/content/drive/MyDrive/violence dataset/SCVD/videos/train/Normal/nv125.mov,Normal
70,/content/drive/MyDrive/violence dataset/SCVD/videos/train/Normal/nv130.mov,Normal
71,/content/drive/MyDrive/violence dataset/SCVD/videos/train/Normal/nv13.mp4,Normal
72,/content/drive/MyDrive/violence dataset/SCVD/videos/train/Normal/nv127.mov,Normal
73,/content/drive/MyDrive/violence dataset/SCVD/videos/train/Normal/nv134.mp4,Normal
74,/content/drive/MyDrive/violence dataset/SCVD/videos/train/Normal/nv133.mp4,Normal
75,/content/drive/MyDrive/violence dataset/SCVD/videos/train/Normal/nv126.mov,Normal
76,/content/drive/MyDrive/violence dataset/SCVD/videos/train/Normal/nv123.mov,Normal
77,/content/drive/MyDrive/violence dataset/SCVD/videos/train/Normal/nv131.mp4,Normal
78,/content/drive/MyDrive/violence dataset/SCVD/videos/train/Normal/nv135.mp4,Normal
79,/content/drive/MyDrive/violence dataset/SCVD/videos/train/Normal/nv139.mov,Normal
80,/content/drive/MyDrive/violence dataset/SCVD/videos/train/Normal/nv138.mov,Normal
81,/content/drive/MyDrive/violence dataset/SCVD/videos/train/Normal/nv142.mov,Normal
82,/content/drive/MyDrive/violence dataset/SCVD/videos/train/Normal/nv144.MOV,Normal
83,/content/drive/MyDrive/violence dataset/SCVD/videos/train/Normal/nv151.MOV,Normal
84,/content/drive/MyDrive/violence dataset/SCVD/videos/train/Normal/nv137.mov,Normal
85,/content/drive/MyDrive/violence dataset/SCVD/videos/train/Normal/nv146.MOV,Normal
86,/content/drive/MyDrive/violence dataset/SCVD/videos/train/Normal/nv141.mov,Normal
87,/content/drive/MyDrive/violence dataset/SCVD/videos/train/Normal/nv150.MOV,Normal
88,/content/drive/MyDrive/violence dataset/SCVD/videos/train/Normal/nv148.MOV,Normal
89,/content/drive/MyDrive/violence dataset/SCVD/videos/train/Normal/nv145.MOV,Normal
90,/content/drive/MyDrive/violence dataset/SCVD/videos/train/Normal/nv143.MOV,Normal
91,/content/drive/MyDrive/violence dataset/SCVD/videos/train/Normal/nv147.MOV,Normal
92,/content/drive/MyDrive/violence dataset/SCVD/videos/train/Normal/nv149.MOV,Normal
93,/content/drive/MyDrive/violence dataset/SCVD/videos/train/Normal/nv15.mp4,Normal
94,/content/drive/MyDrive/violence dataset/SCVD/videos/train/Normal/nv140.mov,Normal
95,/content/drive/MyDrive/violence dataset/SCVD/videos/train/Normal/nv164.MOV,Normal
96,/content/drive/MyDrive/violence dataset/SCVD/videos/train/Normal/nv157.MOV,Normal
97,/content/drive/MyDrive/violence dataset/SCVD/videos/train/Normal/nv171.MOV,Normal
98,/content/drive/MyDrive/violence dataset/SCVD/videos/train/Normal/nv160.MOV,Normal
99,/content/drive/MyDrive/violence dataset/SCVD/videos/train/Normal/nv169.MOV,Normal
100,/content/drive/MyDrive/violence dataset/SCVD/videos/train/Normal/nv158.MOV,Normal
101,/content/drive/MyDrive/violence dataset/SCVD/videos/train/Normal/nv162.MOV,Normal
102,/content/drive/MyDrive/violence dataset/SCVD/videos/train/Normal/nv167.MOV,Normal
103,/content/drive/MyDrive/violence dataset/SCVD/videos/train/Normal/nv156.MOV,Normal
104,/content/drive/MyDrive/violence dataset/SCVD/videos/train/Normal/nv163.MOV,Normal
105,/content/drive/MyDrive/violence dataset/SCVD/videos/train/Normal/nv161.MOV,Normal
106,/content/drive/MyDrive/violence dataset/SCVD/videos/train/Normal/nv154.MOV,Normal
107,/content/drive/MyDrive/violence dataset/SCVD/videos/train/Normal/nv165.MOV,Normal
108,/content/drive/MyDrive/violence dataset/SCVD/videos/train/Normal/nv153.MOV,Normal
109,/content/drive/MyDrive/violence dataset/SCVD/videos/train/Normal/nv159.MOV,Normal
110,/content/drive/MyDrive/violence dataset/SCVD/videos/train/Normal/nv170.MOV,Normal
111,/content/drive/MyDrive/violence dataset/SCVD/videos/train/Normal/nv17.mp4,Normal
112,/content/drive/MyDrive/violence dataset/SCVD/videos/train/Normal/nv168.MOV,Normal
113,/content/drive/MyDrive/violence dataset/SCVD/videos/train/Normal/nv177.MOV,Normal
114,/content/drive/MyDrive/violence dataset/SCVD/videos/train/Normal/nv18.mp4,Normal
115,/content/drive/MyDrive/violence dataset/SCVD/videos/train/Normal/nv188.MOV,Normal
116,/content/drive/MyDrive/violence dataset/SCVD/videos/train/Normal/nv187.mov,Normal
117,/content/drive/MyDrive/violence dataset/SCVD/videos/train/Normal/nv172.MOV,Normal
118,/content/drive/MyDrive/violence dataset/SCVD/videos/train/Normal/nv176.MOV,Normal
119,/content/drive/MyDrive/violence dataset/SCVD/videos/train/Normal/nv174.MOV,Normal
120,/content/drive/MyDrive/violence dataset/SCVD/videos/train/Normal/nv175.MOV,Normal
121,/content/drive/MyDrive/violence dataset/SCVD/videos/train/Normal/nv182.MOV,Normal
122,/content/drive/MyDrive/violence dataset/SCVD/videos/train/Normal/nv173.MOV,Normal
123,/content/drive/MyDrive/violence dataset/SCVD/videos/train/Normal/nv184.MOV,Normal
124,/content/drive/MyDrive/violence dataset/SCVD/videos/train/Normal/nv178.MOV,Normal
125,/content/drive/MyDrive/violence dataset/SCVD/videos/train/Normal/nv179.MOV,Normal
126,/content/drive/MyDrive/violence dataset/SCVD/videos/train/Normal/nv185.MOV,Normal
127,/content/drive/MyDrive/violence dataset/SCVD/videos/train/Normal/nv204.MOV,Normal
128,/content/drive/MyDrive/violence dataset/SCVD/videos/train/Normal/nv192.MOV,Normal
129,/content/drive/MyDrive/violence dataset/SCVD/videos/train/Normal/nv194.MOV,Normal
130,/content/drive/MyDrive/violence dataset/SCVD/videos/train/Normal/nv190.MOV,Normal
131,/content/drive/MyDrive/violence dataset/SCVD/videos/train/Normal/nv20.mp4,Normal
132,/content/drive/MyDrive/violence dataset/SCVD/videos/train/Normal/nv203.MOV,Normal
133,/content/drive/MyDrive/violence dataset/SCVD/videos/train/Normal/nv197.MOV,Normal
134,/content/drive/MyDrive/violence dataset/SCVD/videos/train/Normal/nv2.mov,Normal
135,/content/drive/MyDrive/violence dataset/SCVD/videos/train/Normal/nv191.MOV,Normal
136,/content/drive/MyDrive/violence dataset/SCVD/videos/train/Normal/nv199.MOV,Normal
137,/content/drive/MyDrive/violence dataset/SCVD/videos/train/Normal/nv198.MOV,Normal
138,/content/drive/MyDrive/violence dataset/SCVD/videos/train/Normal/nv193.MOV,Normal
139,/content/drive/MyDrive/violence dataset/SCVD/videos/train/Normal/nv200.MOV,Normal
140,/content/drive/MyDrive/violence dataset/SCVD/videos/train/Normal/nv189.MOV,Normal
141,/content/drive/MyDrive/violence dataset/SCVD/videos/train/Normal/nv19.mp4,Normal
142,/content/drive/MyDrive/violence dataset/SCVD/videos/train/Normal/nv211.MOV,Normal
143,/content/drive/MyDrive/violence dataset/SCVD/videos/train/Normal/nv207.MOV,Normal
144,/content/drive/MyDrive/violence dataset/SCVD/videos/train/Normal/nv208.MOV,Normal
145,/content/drive/MyDrive/violence dataset/SCVD/videos/train/Normal/nv21.mp4,Normal
146,/content/drive/MyDrive/violence dataset/SCVD/videos/train/Normal/nv209.MOV,Normal
147,/content/drive/MyDrive/violence dataset/SCVD/videos/train/Normal/nv214.MOV,Normal
148,/content/drive/MyDrive/violence dataset/SCVD/videos/train/Normal/nv206.MOV,Normal
149,/content/drive/MyDrive/violence dataset/SCVD/videos/train/Normal/nv212.MOV,Normal
150,/content/drive/MyDrive/violence dataset/SCVD/videos/train/Normal/nv219.MOV,Normal
151,/content/drive/MyDrive/violence dataset/SCVD/videos/train/Normal/nv22.mov,Normal
152,/content/drive/MyDrive/violence dataset/SCVD/videos/train/Normal/nv223.MOV,Normal
153,/content/drive/MyDrive/violence dataset/SCVD/videos/train/Normal/nv220.MOV,Normal
154,/content/drive/MyDrive/violence dataset/SCVD/videos/train/Normal/nv218.MOV,Normal
155,/content/drive/MyDrive/violence dataset/SCVD/videos/train/Normal/nv215.MOV,Normal
156,/content/drive/MyDrive/violence dataset/SCVD/videos/train/Normal/nv221.MOV,Normal
157,/content/drive/MyDrive/violence dataset/SCVD/videos/train/Normal/nv217.MOV,Normal
158,/content/drive/MyDrive/violence dataset/SCVD/videos/train/Normal/nv216.MOV,Normal
159,/content/drive/MyDrive/violence dataset/SCVD/videos/train/Normal/nv222.MOV,Normal
160,/content/drive/MyDrive/violence dataset/SCVD/videos/train/Normal/nv233.MOV,Normal
161,/content/drive/MyDrive/violence dataset/SCVD/videos/train/Normal/nv225.MOV,Normal
162,/content/drive/MyDrive/violence dataset/SCVD/videos/train/Normal/nv226.MOV,Normal
163,/content/drive/MyDrive/violence dataset/SCVD/videos/train/Normal/nv228.MOV,Normal
164,/content/drive/MyDrive/violence dataset/SCVD/videos/train/Normal/nv232.MOV,Normal
165,/content/drive/MyDrive/violence dataset/SCVD/videos/train/Normal/nv23.mp4,Normal
166,/content/drive/MyDrive/violence dataset/SCVD/videos/train/Normal/nv224.MOV,Normal
167,/content/drive/MyDrive/violence dataset/SCVD/videos/train/Normal/nv246.MOV,Normal
168,/content/drive/MyDrive/violence dataset/SCVD/videos/train/Normal/nv245.MOV,Normal
169,/content/drive/MyDrive/violence dataset/SCVD/videos/train/Normal/nv237.MOV,Normal
170,/content/drive/MyDrive/violence dataset/SCVD/videos/train/Normal/nv241.MOV,Normal
171,/content/drive/MyDrive/violence dataset/SCVD/videos/train/Normal/nv238.MOV,Normal
172,/content/drive/MyDrive/violence dataset/SCVD/videos/train/Normal/nv28.mov,Normal
173,/content/drive/MyDrive/violence dataset/SCVD/videos/train/Normal/nv234.MOV,Normal
174,/content/drive/MyDrive/violence dataset/SCVD/videos/train/Normal/nv25.mov,Normal
175,/content/drive/MyDrive/violence dataset/SCVD/videos/train/Normal/nv243.MOV,Normal
176,/content/drive/MyDrive/violence dataset/SCVD/videos/train/Normal/nv3.mov,Normal
177,/content/drive/MyDrive/violence dataset/SCVD/videos/train/Normal/nv30.mov,Normal
178,/content/drive/MyDrive/violence dataset/SCVD/videos/train/Normal/nv240.MOV,Normal
179,/content/drive/MyDrive/violence dataset/SCVD/videos/train/Normal/nv26.mov,Normal
180,/content/drive/MyDrive/violence dataset/SCVD/videos/train/Normal/nv24.mov,Normal
181,/content/drive/MyDrive/violence dataset/SCVD/videos/train/Normal/nv27.mov,Normal
182,/content/drive/MyDrive/violence dataset/SCVD/videos/train/Normal/nv244.MOV,Normal
183,/content/drive/MyDrive/violence dataset/SCVD/videos/train/Normal/nv52.mp4,Normal
184,/content/drive/MyDrive/violence dataset/SCVD/videos/train/Normal/nv54.mp4,Normal
185,/content/drive/MyDrive/violence dataset/SCVD/videos/train/Normal/nv57.mp4,Normal
186,/content/drive/MyDrive/violence dataset/SCVD/videos/train/Normal/nv62.mp4,Normal
187,/content/drive/MyDrive/violence dataset/SCVD/videos/train/Normal/nv43.mov,Normal
188,/content/drive/MyDrive/violence dataset/SCVD/videos/train/Normal/nv38.mp4,Normal
189,/content/drive/MyDrive/violence dataset/SCVD/videos/train/Normal/nv50.mp4,Normal
190,/content/drive/MyDrive/violence dataset/SCVD/videos/train/Normal/nv60.mp4,Normal
191,/content/drive/MyDrive/violence dataset/SCVD/videos/train/Normal/nv51.mp4,Normal
192,/content/drive/MyDrive/violence dataset/SCVD/videos/train/Normal/nv42.mov,Normal
193,/content/drive/MyDrive/violence dataset/SCVD/videos/train/Normal/nv39.mp4,Normal
194,/content/drive/MyDrive/violence dataset/SCVD/videos/train/Normal/nv40.mov,Normal
195,/content/drive/MyDrive/violence dataset/SCVD/videos/train/Normal/nv59.mp4,Normal
196,/content/drive/MyDrive/violence dataset/SCVD/videos/train/Normal/nv37.mov,Normal
197,/content/drive/MyDrive/violence dataset/SCVD/videos/train/Normal/nv5.mov,Normal
198,/content/drive/MyDrive/violence dataset/SCVD/videos/train/Normal/nv53.mp4,Normal
199,/content/drive/MyDrive/violence dataset/SCVD/videos/train/Normal/nv58.mp4,Normal
200,/content/drive/MyDrive/violence dataset/SCVD/videos/train/Normal/nv33.mp4,Normal
201,/content/drive/MyDrive/violence dataset/SCVD/videos/train/Normal/nv63.mp4,Normal
202,/content/drive/MyDrive/violence dataset/SCVD/videos/train/Normal/nv32.mp4,Normal
203,/content/drive/MyDrive/violence dataset/SCVD/videos/train/Normal/nv44.mov,Normal
204,/content/drive/MyDrive/violence dataset/SCVD/videos/train/Normal/nv61.mp4,Normal
205,/content/drive/MyDrive/violence dataset/SCVD/videos/train/Normal/nv36.mov,Normal
206,/content/drive/MyDrive/violence dataset/SCVD/videos/train/Normal/nv46.mp4,Normal
207,/content/drive/MyDrive/violence dataset/SCVD/videos/train/Normal/nv31.mov,Normal
208,/content/drive/MyDrive/violence dataset/SCVD/videos/train/Normal/nv4.mov,Normal
209,/content/drive/MyDrive/violence dataset/SCVD/videos/train/Normal/nv55.mp4,Normal
210,/content/drive/MyDrive/violence dataset/SCVD/videos/train/Normal/nv6.mov,Normal
211,/content/drive/MyDrive/violence dataset/SCVD/videos/train/Normal/nv64.mp4,Normal
212,/content/drive/MyDrive/violence dataset/SCVD/videos/train/Normal/nv41.mov,Normal
213,/content/drive/MyDrive/violence dataset/SCVD/videos/train/Normal/nv35.mov,Normal
214,/content/drive/MyDrive/violence dataset/SCVD/videos/train/Normal/nv45.mp4,Normal
215,/content/drive/MyDrive/violence dataset/SCVD/videos/train/Normal/nv8.mp4,Normal
216,/content/drive/MyDrive/violence dataset/SCVD/videos/train/Normal/nv70.mp4,Normal
217,/content/drive/MyDrive/violence dataset/SCVD/videos/train/Normal/nv88.mp4,Normal
218,/content/drive/MyDrive/violence dataset/SCVD/videos/train/Normal/nv84.mov,Normal
219,/content/drive/MyDrive/violence dataset/SCVD/videos/train/Normal/nv69.mp4,Normal
220,/content/drive/MyDrive/violence dataset/SCVD/videos/train/Normal/nv71.mp4,Normal
221,/content/drive/MyDrive/violence dataset/SCVD/videos/train/Normal/nv9.mp4,Normal
222,/content/drive/MyDrive/violence dataset/SCVD/videos/train/Normal/nv82.mov,Normal
223,/content/drive/MyDrive/violence dataset/SCVD/videos/train/Normal/nv68.mp4,Normal
224,/content/drive/MyDrive/violence dataset/SCVD/videos/train/Normal/nv91.mp4,Normal
225,/content/drive/MyDrive/violence dataset/SCVD/videos/train/Normal/nv74.mov,Normal
226,/content/drive/MyDrive/violence dataset/SCVD/videos/train/Normal/nv79.mov,Normal
227,/content/drive/MyDrive/violence dataset/SCVD/videos/train/Normal/nv87.mp4,Normal
228,/content/drive/MyDrive/violence dataset/SCVD/videos/train/Normal/nv90.mp4,Normal
229,/content/drive/MyDrive/violence dataset/SCVD/videos/train/Normal/nv65.mp4,Normal
230,/content/drive/MyDrive/violence dataset/SCVD/videos/train/Normal/nv7.mp4,Normal
231,/content/drive/MyDrive/violence dataset/SCVD/videos/train/Normal/nv72.mov,Normal
232,/content/drive/MyDrive/violence dataset/SCVD/videos/train/Normal/nv83.mov,Normal
233,/content/drive/MyDrive/violence dataset/SCVD/videos/train/Normal/nv73.mov,Normal
234,/content/drive/MyDrive/violence dataset/SCVD/videos/train/Normal/nv85.mov,Normal
235,/content/drive/MyDrive/violence dataset/SCVD/videos/train/Normal/nv75.mov,Normal
236,/content/drive/MyDrive/violence dataset/SCVD/videos/train/Normal/nv81.mov,Normal
237,/content/drive/MyDrive/violence dataset/SCVD/videos/train/Normal/nv86.mp4,Normal
238,/content/drive/MyDrive/violence dataset/SCVD/videos/train/Normal/nv76.mov,Normal
239,/content/drive/MyDrive/violence dataset/SCVD/videos/train/Normal/nv67.mp4,Normal
240,/content/drive/MyDrive/violence dataset/SCVD/videos/train/Normal/nv80.mov,Normal
241,/content/drive/MyDrive/violence dataset/SCVD/videos/train/Normal/nv94.mp4,Normal
242,/content/drive/MyDrive/violence dataset/SCVD/videos/train/Normal/nv98.mp4,Normal
243,/content/drive/MyDrive/violence dataset/SCVD/videos/train/Normal/nv95.mp4,Normal
244,/content/drive/MyDrive/violence dataset/SCVD/videos/train/Normal/nv97.mp4,Normal
245,/content/drive/MyDrive/violence dataset/SCVD/videos/train/Normal/nv96.mp4,Normal
246,/content/drive/MyDrive/violence dataset/SCVD/videos/train/Weapon Violence/WV7.mp4,Weapon Violence
247,/content/drive/MyDrive/violence dataset/SCVD/videos/train/Weapon Violence/WV119.mp4,Weapon Violence
248,/content/drive/MyDrive/violence dataset/SCVD/videos/train/Weapon Violence/WV2.mp4,Weapon Violence
249,/content/drive/MyDrive/violence dataset/SCVD/videos/train/Weapon Violence/WV1.mp4,Weapon Violence
250,/content/drive/MyDrive/violence dataset/SCVD/videos/train/Weapon Violence/WV38.mp4,Weapon Violence
251,/content/drive/MyDrive/violence dataset/SCVD/videos/train/Weapon Violence/WV10.mp4,Weapon Violence
252,/content/drive/MyDrive/violence dataset/SCVD/videos/train/Weapon Violence/WV13.mp4,Weapon Violence
253,/content/drive/MyDrive/violence dataset/SCVD/videos/train/Weapon Violence/WV6.mp4,Weapon Violence
254,/content/drive/MyDrive/violence dataset/SCVD/videos/train/Weapon Violence/WV15.mp4,Weapon Violence
255,/content/drive/MyDrive/violence dataset/SCVD/videos/train/Weapon Violence/WV17.mp4,Weapon Violence
256,/content/drive/MyDrive/violence dataset/SCVD/videos/train/Weapon Violence/WV5.mp4,Weapon Violence
257,/content/drive/MyDrive/violence dataset/SCVD/videos/train/Weapon Violence/WV14.mp4,Weapon Violence
258,/content/drive/MyDrive/violence dataset/SCVD/videos/train/Weapon Violence/WV70.mp4,Weapon Violence
259,/content/drive/MyDrive/violence dataset/SCVD/videos/train/Weapon Violence/WV71.mp4,Weapon Violence
260,/content/drive/MyDrive/violence dataset/SCVD/videos/train/Weapon Violence/WV114.mp4,Weapon Violence
261,/content/drive/MyDrive/violence dataset/SCVD/videos/train/Weapon Violence/WV65.mp4,Weapon Violence
262,/content/drive/MyDrive/violence dataset/SCVD/videos/train/Weapon Violence/WV4.mp4,Weapon Violence
263,/content/drive/MyDrive/violence dataset/SCVD/videos/train/Weapon Violence/WV16.mp4,Weapon Violence
264,/content/drive/MyDrive/violence dataset/SCVD/videos/train/Weapon Violence/WV103.mp4,Weapon Violence
265,/content/drive/MyDrive/violence dataset/SCVD/videos/train/Weapon Violence/WV58.mp4,Weapon Violence
266,/content/drive/MyDrive/violence dataset/SCVD/videos/train/Weapon Violence/WV64.mp4,Weapon Violence
267,/content/drive/MyDrive/violence dataset/SCVD/videos/train/Weapon Violence/WV67.mp4,Weapon Violence
268,/content/drive/MyDrive/violence dataset/SCVD/videos/train/Weapon Violence/WV98.mp4,Weapon Violence
269,/content/drive/MyDrive/violence dataset/SCVD/videos/train/Weapon Violence/WV99.mp4,Weapon Violence
270,/content/drive/MyDrive/violence dataset/SCVD/videos/train/Weapon Violence/WV66.mp4,Weapon Violence
271,/content/drive/MyDrive/violence dataset/SCVD/videos/train/Weapon Violence/WV72.mp4,Weapon Violence
272,/content/drive/MyDrive/violence dataset/SCVD/videos/train/Weapon Violence/WV77.mp4,Weapon Violence
273,/content/drive/MyDrive/violence dataset/SCVD/videos/train/Weapon Violence/WV112.mp4,Weapon Violence
274,/content/drive/MyDrive/violence dataset/SCVD/videos/train/Weapon Violence/WV73.mp4,Weapon Violence
275,/content/drive/MyDrive/violence dataset/SCVD/videos/train/Weapon Violence/WV63.mp4,Weapon Violence
276,/content/drive/MyDrive/violence dataset/SCVD/videos/train/Weapon Violence/WV89.mp4,Weapon Violence
277,/content/drive/MyDrive/violence dataset/SCVD/videos/train/Weapon Violence/WV88.mp4,Weapon Violence
278,/content/drive/MyDrive/violence dataset/SCVD/videos/train/Weapon Violence/WV106.mp4,Weapon Violence
279,/content/drive/MyDrive/violence dataset/SCVD/videos/train/Weapon Violence/WV101.mp4,Weapon Violence
280,/content/drive/MyDrive/violence dataset/SCVD/videos/train/Weapon Violence/WV11.mp4,Weapon Violence
281,/content/drive/MyDrive/violence dataset/SCVD/videos/train/Weapon Violence/WV102.mp4,Weapon Violence
282,/content/drive/MyDrive/violence dataset/SCVD/videos/train/Weapon Violence/WV100.mp4,Weapon Violence
283,/content/drive/MyDrive/violence dataset/SCVD/videos/train/Weapon Violence/WV105.mp4,Weapon Violence
284,/content/drive/MyDrive/violence dataset/SCVD/videos/train/Weapon Violence/WV116.mp4,Weapon Violence
285,/content/drive/MyDrive/violence dataset/SCVD/videos/train/Weapon Violence/WV118.mp4,Weapon Violence
286,/content/drive/MyDrive/violence dataset/SCVD/videos/train/Weapon Violence/WV121.mp4,Weapon Violence
287,/content/drive/MyDrive/violence dataset/SCVD/videos/train/Weapon Violence/WV117.mp4,Weapon Violence
288,/content/drive/MyDrive/violence dataset/SCVD/videos/train/Weapon Violence/WV115.mp4,Weapon Violence
289,/content/drive/MyDrive/violence dataset/SCVD/videos/train/Weapon Violence/WV124.mp4,Weapon Violence
290,/content/drive/MyDrive/violence dataset/SCVD/videos/train/Weapon Violence/WV111.mp4,Weapon Violence
291,/content/drive/MyDrive/violence dataset/SCVD/videos/train/Weapon Violence/WV123.mp4,Weapon Violence
292,/content/drive/MyDrive/violence dataset/SCVD/videos/train/Weapon Violence/WV12.mp4,Weapon Violence
293,/content/drive/MyDrive/violence dataset/SCVD/videos/train/Weapon Violence/WV19.mp4,Weapon Violence
294,/content/drive/MyDrive/violence dataset/SCVD/videos/train/Weapon Violence/WV21.mp4,Weapon Violence
295,/content/drive/MyDrive/violence dataset/SCVD/videos/train/Weapon Violence/WV18.mp4,Weapon Violence
296,/content/drive/MyDrive/violence dataset/SCVD/videos/train/Weapon Violence/WV20.mp4,Weapon Violence
297,/content/drive/MyDrive/violence dataset/SCVD/videos/train/Weapon Violence/WV23.mp4,Weapon Violence
298,/content/drive/MyDrive/violence dataset/SCVD/videos/train/Weapon Violence/WV26.mp4,Weapon Violence
299,/content/drive/MyDrive/violence dataset/SCVD/videos/train/Weapon Violence/WV29.mp4,Weapon Violence
300,/content/drive/MyDrive/violence dataset/SCVD/videos/train/Weapon Violence/WV3.mp4,Weapon Violence
301,/content/drive/MyDrive/violence dataset/SCVD/videos/train/Weapon Violence/WV28.mp4,Weapon Violence
302,/content/drive/MyDrive/violence dataset/SCVD/videos/train/Weapon Violence/WV34.mp4,Weapon Violence
303,/content/drive/MyDrive/violence dataset/SCVD/videos/train/Weapon Violence/WV39.mp4,Weapon Violence
304,/content/drive/MyDrive/violence dataset/SCVD/videos/train/Weapon Violence/WV51.mp4,Weapon Violence
305,/content/drive/MyDrive/violence dataset/SCVD/videos/train/Weapon Violence/WV48.mp4,Weapon Violence
306,/content/drive/MyDrive/violence dataset/SCVD/videos/train/Weapon Violence/WV62.mp4,Weapon Violence
307,/content/drive/MyDrive/violence dataset/SCVD/videos/train/Weapon Violence/WV60.mp4,Weapon Violence
308,/content/drive/MyDrive/violence dataset/SCVD/videos/train/Weapon Violence/WV61.mp4,Weapon Violence
309,/content/drive/MyDrive/violence dataset/SCVD/videos/train/Weapon Violence/WV59.mp4,Weapon Violence
310,/content/drive/MyDrive/violence dataset/SCVD/videos/train/Weapon Violence/WV75.mp4,Weapon Violence
311,/content/drive/MyDrive/violence dataset/SCVD/videos/train/Weapon Violence/WV86.mp4,Weapon Violence
312,/content/drive/MyDrive/violence dataset/SCVD/videos/train/Weapon Violence/WV87.mp4,Weapon Violence
313,/content/drive/MyDrive/violence dataset/SCVD/videos/train/Weapon Violence/WV9.mp4,Weapon Violence
314,/content/drive/MyDrive/violence dataset/SCVD/videos/train/Weapon Violence/WV90.mp4,Weapon Violence
315,/content/drive/MyDrive/violence dataset/SCVD/videos/train/Weapon Violence/WV85.mp4,Weapon Violence
316,/content/drive/MyDrive/violence dataset/SCVD/videos/train/Weapon Violence/WV96.mp4,Weapon Violence
317,/content/drive/MyDrive/violence dataset/SCVD/videos/train/Weapon Violence/WV94.mp4,Weapon Violence
318,/content/drive/MyDrive/violence dataset/SCVD/videos/train/Weapon Violence/WV107.mp4,Weapon Violence
319,/content/drive/MyDrive/violence dataset/SCVD/videos/train/Weapon Violence/WV113.mp4,Weapon Violence
320,/content/drive/MyDrive/violence dataset/SCVD/videos/train/Weapon Violence/WV76.mp4,Weapon Violence
321,/content/drive/MyDrive/violence dataset/SCVD/videos/train/Weapon Violence/WV104.mp4,Weapon Violence
322,/content/drive/MyDrive/violence dataset/SCVD/videos/train/Weapon Violence/WV49.mp4,Weapon Violence
323,/content/drive/MyDrive/violence dataset/SCVD/videos/train/Weapon Violence/WV74.mp4,Weapon Violence
324,/content/drive/MyDrive/violence dataset/SCVD/videos/train/Weapon Violence/WV44.mp4,Weapon Violence
325,/content/drive/MyDrive/violence dataset/SCVD/videos/train/Weapon Violence/WV93.mp4,Weapon Violence
326,/content/drive/MyDrive/violence dataset/SCVD/videos/train/Weapon Violence/WV50.mp4,Weapon Violence
327,/content/drive/MyDrive/violence dataset/SCVD/videos/train/Weapon Violence/WV78.mp4,Weapon Violence
328,/content/drive/MyDrive/violence dataset/SCVD/videos/train/Weapon Violence/WV109.mp4,Weapon Violence
329,/content/drive/MyDrive/violence dataset/SCVD/videos/train/Weapon Violence/WV110.mp4,Weapon Violence
330,/content/drive/MyDrive/violence dataset/SCVD/videos/train/Weapon Violence/WV108.mp4,Weapon Violence
331,/content/drive/MyDrive/violence dataset/SCVD/videos/train/Weapon Violence/WV79.mp4,Weapon Violence
332,/content/drive/MyDrive/violence dataset/SCVD/videos/train/Weapon Violence/WV45.mp4,Weapon Violence
333,/content/drive/MyDrive/violence dataset/SCVD/videos/train/Weapon Violence/WV92.mp4,Weapon Violence
334,/content/drive/MyDrive/violence dataset/SCVD/videos/train/Weapon Violence/WV53.mp4,Weapon Violence
335,/content/drive/MyDrive/violence dataset/SCVD/videos/train/Weapon Violence/WV122.mp4,Weapon Violence
336,/content/drive/MyDrive/violence dataset/SCVD/videos/train/Weapon Violence/WV120.mp4,Weapon Violence
337,/content/drive/MyDrive/violence dataset/SCVD/videos/train/Weapon Violence/WV47.mp4,Weapon Violence
338,/content/drive/MyDrive/violence dataset/SCVD/videos/train/Weapon Violence/WV46.mp4,Weapon Violence
339,/content/drive/MyDrive/violence dataset/SCVD/videos/train/Weapon Violence/WV52.mp4,Weapon Violence
340,/content/drive/MyDrive/violence dataset/SCVD/videos/train/Weapon Violence/WV91.mp4,Weapon Violence
341,/content/drive/MyDrive/violence dataset/SCVD/videos/train/Weapon Violence/WV84.mp4,Weapon Violence
342,/content/drive/MyDrive/violence dataset/SCVD/videos/train/Weapon Violence/WV95.mp4,Weapon Violence
343,/content/drive/MyDrive/violence dataset/SCVD/videos/train/Weapon Violence/WV42.mp4,Weapon Violence
344,/content/drive/MyDrive/violence dataset/SCVD/videos/train/Weapon Violence/WV56.mp4,Weapon Violence
345,/content/drive/MyDrive/violence dataset/SCVD/videos/train/Weapon Violence/WV81.mp4,Weapon Violence
346,/content/drive/MyDrive/violence dataset/SCVD/videos/train/Weapon Violence/WV43.mp4,Weapon Violence
347,/content/drive/MyDrive/violence dataset/SCVD/videos/train/Weapon Violence/WV80.mp4,Weapon Violence
348,/content/drive/MyDrive/violence dataset/SCVD/videos/train/Weapon Violence/WV57.mp4,Weapon Violence
349,/content/drive/MyDrive/violence dataset/SCVD/videos/train/Weapon Violence/WV69.mp4,Weapon Violence
350,/content/drive/MyDrive/violence dataset/SCVD/videos/train/Weapon Violence/WV82.mp4,Weapon Violence
351,/content/drive/MyDrive/violence dataset/SCVD/videos/train/Weapon Violence/WV55.mp4,Weapon Violence
352,/content/drive/MyDrive/violence dataset/SCVD/videos/train/Weapon Violence/WV41.mp4,Weapon Violence
353,/content/drive/MyDrive/violence dataset/SCVD/videos/train/Weapon Violence/WV68.mp4,Weapon Violence
354,/content/drive/MyDrive/violence dataset/SCVD/videos/train/Weapon Violence/WV54.mp4,Weapon Violence
355,/content/drive/MyDrive/violence dataset/SCVD/videos/train/Weapon Violence/WV83.mp4,Weapon Violence
356,/content/drive/MyDrive/violence dataset/SCVD/videos/train/Weapon Violence/WV97.mp4,Weapon Violence
357,/content/drive/MyDrive/violence dataset/SCVD/videos/train/Weapon Violence/WV27.mp4,Weapon Violence
358,/content/drive/MyDrive/violence dataset/SCVD/videos/train/Weapon Violence/WV40.mp4,Weapon Violence
359,/content/drive/MyDrive/violence dataset/SCVD/videos/train/Weapon Violence/WV33.mp4,Weapon Violence
360,/content/drive/MyDrive/violence dataset/SCVD/videos/train/Weapon Violence/WV32.mp4,Weapon Violence
361,/content/drive/MyDrive/violence dataset/SCVD/videos/train/Weapon Violence/WV8.mp4,Weapon Violence
362,/content/drive/MyDrive/violence dataset/SCVD/videos/train/Weapon Violence/WV25.mp4,Weapon Violence
363,/content/drive/MyDrive/violence dataset/SCVD/videos/train/Weapon Violence/WV30.mp4,Weapon Violence
364,/content/drive/MyDrive/violence dataset/SCVD/videos/train/Weapon Violence/WV24.mp4,Weapon Violence
365,/content/drive/MyDrive/violence dataset/SCVD/videos/train/Weapon Violence/WV31.mp4,Weapon Violence
366,/content/drive/MyDrive/violence dataset/SCVD/videos/train/Weapon Violence/WV35.mp4,Weapon Violence
367,/content/drive/MyDrive/violence dataset/SCVD/videos/train/Weapon Violence/WV22.mp4,Weapon Violence
368,/content/drive/MyDrive/violence dataset/SCVD/videos/train/Weapon Violence/WV36.mp4,Weapon Violence
369,/content/drive/MyDrive/violence dataset/SCVD/videos/train/Weapon Violence/WV37.mp4,Weapon Violence
370,/content/drive/MyDrive/violence dataset/SCVD/videos/train/Fight/V87.mp4,Fight
371,/content/drive/MyDrive/violence dataset/SCVD/videos/train/Fight/V5.mp4,Fight
372,/content/drive/MyDrive/violence dataset/SCVD/videos/train/Fight/V24.mp4,Fight
373,/content/drive/MyDrive/violence dataset/SCVD/videos/train/Fight/V1.mp4,Fight
374,/content/drive/MyDrive/violence dataset/SCVD/videos/train/Fight/V96.mp4,Fight
375,/content/drive/MyDrive/violence dataset/SCVD/videos/train/Fight/V82.mp4,Fight
376,/content/drive/MyDrive/violence dataset/SCVD/videos/train/Fight/V108.mp4,Fight
377,/content/drive/MyDrive/violence dataset/SCVD/videos/train/Fight/V33.mp4,Fight
378,/content/drive/MyDrive/violence dataset/SCVD/videos/train/Fight/V109.mp4,Fight
379,/content/drive/MyDrive/violence dataset/SCVD/videos/train/Fight/V4.mp4,Fight
380,/content/drive/MyDrive/violence dataset/SCVD/videos/train/Fight/V40.mp4,Fight
381,/content/drive/MyDrive/violence dataset/SCVD/videos/train/Fight/V54.mp4,Fight
382,/content/drive/MyDrive/violence dataset/SCVD/videos/train/Fight/V68.mp4,Fight
383,/content/drive/MyDrive/violence dataset/SCVD/videos/train/Fight/V55.mp4,Fight
384,/content/drive/MyDrive/violence dataset/SCVD/videos/train/Fight/V52.mp4,Fight
385,/content/drive/MyDrive/violence dataset/SCVD/videos/train/Fight/V48.mp4,Fight
386,/content/drive/MyDrive/violence dataset/SCVD/videos/train/Fight/V81.mp4,Fight
387,/content/drive/MyDrive/violence dataset/SCVD/videos/train/Fight/V95.mp4,Fight
388,/content/drive/MyDrive/violence dataset/SCVD/videos/train/Fight/V97.mp4,Fight
389,/content/drive/MyDrive/violence dataset/SCVD/videos/train/Fight/V94.mp4,Fight
390,/content/drive/MyDrive/violence dataset/SCVD/videos/train/Fight/V11.mp4,Fight
391,/content/drive/MyDrive/violence dataset/SCVD/videos/train/Fight/V80.mp4,Fight
392,/content/drive/MyDrive/violence dataset/SCVD/videos/train/Fight/V57.mp4,Fight
393,/content/drive/MyDrive/violence dataset/SCVD/videos/train/Fight/V42.mp4,Fight
394,/content/drive/MyDrive/violence dataset/SCVD/videos/train/Fight/V56.mp4,Fight
395,/content/drive/MyDrive/violence dataset/SCVD/videos/train/Fight/V91.mp4,Fight
396,/content/drive/MyDrive/violence dataset/SCVD/videos/train/Fight/V14.mp4,Fight
397,/content/drive/MyDrive/violence dataset/SCVD/videos/train/Fight/V85.mp4,Fight
398,/content/drive/MyDrive/violence dataset/SCVD/videos/train/Fight/V46.mp4,Fight
399,/content/drive/MyDrive/violence dataset/SCVD/videos/train/Fight/V47.mp4,Fight
400,/content/drive/MyDrive/violence dataset/SCVD/videos/train/Fight/V86.mp4,Fight
401,/content/drive/MyDrive/violence dataset/SCVD/videos/train/Fight/V53.mp4,Fight
402,/content/drive/MyDrive/violence dataset/SCVD/videos/train/Fight/V84.mp4,Fight
403,/content/drive/MyDrive/violence dataset/SCVD/videos/train/Fight/V60.mp4,Fight
404,/content/drive/MyDrive/violence dataset/SCVD/videos/train/Fight/V92.mp4,Fight
405,/content/drive/MyDrive/violence dataset/SCVD/videos/train/Fight/V45.mp4,Fight
406,/content/drive/MyDrive/violence dataset/SCVD/videos/train/Fight/V44.mp4,Fight
407,/content/drive/MyDrive/violence dataset/SCVD/videos/train/Fight/V93.mp4,Fight
408,/content/drive/MyDrive/violence dataset/SCVD/videos/train/Fight/V63.mp4,Fight
409,/content/drive/MyDrive/violence dataset/SCVD/videos/train/Fight/V77.mp4,Fight
410,/content/drive/MyDrive/violence dataset/SCVD/videos/train/Fight/V75.mp4,Fight
411,/content/drive/MyDrive/violence dataset/SCVD/videos/train/Fight/V49.mp4,Fight
412,/content/drive/MyDrive/violence dataset/SCVD/videos/train/Fight/V74.mp4,Fight
413,/content/drive/MyDrive/violence dataset/SCVD/videos/train/Fight/V72.mp4,Fight
414,/content/drive/MyDrive/violence dataset/SCVD/videos/train/Fight/V99.mp4,Fight
415,/content/drive/MyDrive/violence dataset/SCVD/videos/train/Fight/V89.mp4,Fight
416,/content/drive/MyDrive/violence dataset/SCVD/videos/train/Fight/V8.mp4,Fight
417,/content/drive/MyDrive/violence dataset/SCVD/videos/train/Fight/V76.mp4,Fight
418,/content/drive/MyDrive/violence dataset/SCVD/videos/train/Fight/V98.mp4,Fight
419,/content/drive/MyDrive/violence dataset/SCVD/videos/train/Fight/V73.mp4,Fight
420,/content/drive/MyDrive/violence dataset/SCVD/videos/train/Fight/V67.mp4,Fight
421,/content/drive/MyDrive/violence dataset/SCVD/videos/train/Fight/V66.mp4,Fight
422,/content/drive/MyDrive/violence dataset/SCVD/videos/train/Fight/V105.mp4,Fight
423,/content/drive/MyDrive/violence dataset/SCVD/videos/train/Fight/V58.mp4,Fight
424,/content/drive/MyDrive/violence dataset/SCVD/videos/train/Fight/V79.mp4,Fight
425,/content/drive/MyDrive/violence dataset/SCVD/videos/train/Fight/V64.mp4,Fight
426,/content/drive/MyDrive/violence dataset/SCVD/videos/train/Fight/V71.mp4,Fight
427,/content/drive/MyDrive/violence dataset/SCVD/videos/train/Fight/V59.mp4,Fight
428,/content/drive/MyDrive/violence dataset/SCVD/videos/train/Fight/V110.mp4,Fight
429,/content/drive/MyDrive/violence dataset/SCVD/videos/train/Fight/V16.mp4,Fight
430,/content/drive/MyDrive/violence dataset/SCVD/videos/train/Fight/V111.mp4,Fight
431,/content/drive/MyDrive/violence dataset/SCVD/videos/train/Fight/V13.mp4,Fight
432,/content/drive/MyDrive/violence dataset/SCVD/videos/train/Fight/V104.mp4,Fight
433,/content/drive/MyDrive/violence dataset/SCVD/videos/train/Fight/V51.mp4,Fight
434,/content/drive/MyDrive/violence dataset/SCVD/videos/train/Fight/V29.mp4,Fight
435,/content/drive/MyDrive/violence dataset/SCVD/videos/train/Fight/V9.mp4,Fight
436,/content/drive/MyDrive/violence dataset/SCVD/videos/train/Fight/V106.mp4,Fight
437,/content/drive/MyDrive/violence dataset/SCVD/videos/train/Fight/V112.mp4,Fight
438,/content/drive/MyDrive/violence dataset/SCVD/videos/train/Fight/V10.mp4,Fight
439,/content/drive/MyDrive/violence dataset/SCVD/videos/train/Fight/V39.mp4,Fight
440,/content/drive/MyDrive/violence dataset/SCVD/videos/train/Fight/V103.mp4,Fight
441,/content/drive/MyDrive/violence dataset/SCVD/videos/train/Fight/V107.mp4,Fight
442,/content/drive/MyDrive/violence dataset/SCVD/videos/train/Fight/V15.mp4,Fight
443,/content/drive/MyDrive/violence dataset/SCVD/videos/train/Fight/V12.mp4,Fight
444,/content/drive/MyDrive/violence dataset/SCVD/videos/train/Fight/V100.mp4,Fight
445,/content/drive/MyDrive/violence dataset/SCVD/videos/train/Fight/V102.mp4,Fight
446,/content/drive/MyDrive/violence dataset/SCVD/videos/train/Fight/V38.mp4,Fight
447,/content/drive/MyDrive/violence dataset/SCVD/videos/train/Fight/V101.mp4,Fight
448,/content/drive/MyDrive/violence dataset/SCVD/videos/train/Fight/V70.mp4,Fight
449,/content/drive/MyDrive/violence dataset/SCVD/videos/train/Fight/V26.mp4,Fight
450,/content/drive/MyDrive/violence dataset/SCVD/videos/train/Fight/V19.mp4,Fight
451,/content/drive/MyDrive/violence dataset/SCVD/videos/train/Fight/V25.mp4,Fight
452,/content/drive/MyDrive/violence dataset/SCVD/videos/train/Fight/V23.mp4,Fight
453,/content/drive/MyDrive/violence dataset/SCVD/videos/train/Fight/V20.mp4,Fight
454,/content/drive/MyDrive/violence dataset/SCVD/videos/train/Fight/V22.mp4,Fight
455,/content/drive/MyDrive/violence dataset/SCVD/videos/train/Fight/V18.mp4,Fight
456,/content/drive/MyDrive/violence dataset/SCVD/videos/train/Fight/V21.mp4,Fight
457,/content/drive/MyDrive/violence dataset/SCVD/videos/train/Fight/V2.mp4,Fight
458,/content/drive/MyDrive/violence dataset/SCVD/videos/train/Fight/V17.mp4,Fight
459,/content/drive/MyDrive/violence dataset/SCVD/videos/train/Fight/V41.mp4,Fight
460,/content/drive/MyDrive/violence dataset/SCVD/videos/train/Fight/V27.mp4,Fight
461,/content/drive/MyDrive/violence dataset/SCVD/videos/train/Fight/V31.mp4,Fight
462,/content/drive/MyDrive/violence dataset/SCVD/videos/train/Fight/V32.mp4,Fight
463,/content/drive/MyDrive/violence dataset/SCVD/videos/train/Fight/V34.mp4,Fight
464,/content/drive/MyDrive/violence dataset/SCVD/videos/train/Fight/V37.mp4,Fight
465,/content/drive/MyDrive/violence dataset/SCVD/videos/train/Fight/V30.mp4,Fight
466,/content/drive/MyDrive/violence dataset/SCVD/videos/train/Fight/V43.mp4,Fight
467,/content/drive/MyDrive/violence dataset/SCVD/videos/train/Fight/V3.mp4,Fight
468,/content/drive/MyDrive/violence dataset/SCVD/videos/train/Fight/V36.mp4,Fight
469,/content/drive/MyDrive/violence dataset/SCVD/videos/train/Fight/V28.mp4,Fight
470,/content/drive/MyDrive/violence dataset/SCVD/videos/train/Fight/V35.mp4,Fight
471,/content/drive/MyDrive/violence dataset/SCVD/videos/train/Fight/V61.mp4,Fight
472,/content/drive/MyDrive/violence dataset/SCVD/videos/train/Fight/V62.mp4,Fight
473,/content/drive/MyDrive/violence dataset/SCVD/videos/train/Fight/V50.mp4,Fight
474,/content/drive/MyDrive/violence dataset/SCVD/videos/train/Fight/V65.mp4,Fight
475,/content/drive/MyDrive/violence dataset/SCVD/videos/train/Fight/V6.mp4,Fight
476,/content/drive/MyDrive/violence dataset/SCVD/videos/train/Fight/V78.mp4,Fight
477,/content/drive/MyDrive/violence dataset/SCVD/videos/train/Fight/V7.mp4,Fight
478,/content/drive/MyDrive/violence dataset/SCVD/videos/train/Fight/V69.mp4,Fight
479,/content/drive/MyDrive/violence dataset/SCVD/videos/train/Fight/V90.mp4,Fight
480,/content/drive/MyDrive/violence dataset/SCVD/videos/train/Fight/V83.mp4,Fight
481,/content/drive/MyDrive/violence dataset/SCVD/videos/train/Fight/V88.mp4,Fight
